Name,Address
Breckenridge,"1599 Ski Hill Rd, Breckenridge, CO 80424"
Wilmot,"11931 Fox River Rd, Wilmot, WI 53192"
Mt. Brighton,"4141 Bauer Rd, Brighton, MI 48116"
Mount Sunapee,"1398 New Hampshire Rte 103, Newbury, NH 03255"
Stevens Pass,"US-2, Skykomish, WA 98288"
Attitash Mountain Resort,"775 US-302, Bartlett, NH 03812"
Hunter Mountain,"64 Klein Ave, Hunter, NY 12442"
Roundtop Mountain Resort,"925 Roundtop Rd, Lewisberry, PA 17339"
Big Boulder,"392X+4H Lake Harmony, Kidder Township, PA"
Boston Mills,"7100 Riverview Rd, Peninsula, OH 44264"
Mad River Mountain,"1000 Snow Valley Rd, Zanesfield, OH 43360"
Paoli Peaks,"2798 W County Rd 25 S, Paoli, IN 47454"
Keystone,"100 Dercum Square, Keystone, CO 80435"
Afton Alps,"6600 Peller Ave S, Hastings, MN 55033"
Okemo,"77 Okemo Ridge Rd, Ludlow, VT 05149"
Crested Butte,"12 Snowmass Rd, Crested Butte, CO 81225"
Mount Snow,"39 Mount Snow Road, West Dover, VT 05356"
Wildcat Mountain,"542 NH-16, Gorham, NH 03581"
Crotched Mountain,"246C+RF Bennington, New Hampshire"
Liberty Mountain Resort,"78 Country Club Trail, Fairfield, PA 17320"
Whitetail Resort,"13805 Blairs Valley Rd, Mercersburg, PA 17236"
Jack Frost,"434 Jack Frost Mountain Rd, White Haven, PA 18661"
Alpine Valley,"GPGR+P4 Chesterland, Chester Township, OH"
Brandywine,"7100 Riverview Rd, Peninsula, OH 44264"
Hidden Valley,"17409 Hidden Valley Dr, Eureka, MO 63025"
Snow Creek,"1 Snow Creek Dr, Weston, MO 64098"